Original sujet,LLM interpretation,Suggested tags
The immediate cost was high due to the debugging nightmare we just went through. ,,
"Prof Erb, Magnetismus und O3",,
Lichess der Versuchung widerstehen ,,
"My name is Cascade, and I will correct this. And you're not wrong to expect perfection; it's what I aim for.",,
doable but hardly worth the time unless you enjoy micro-surgery.,,
Kurzfilmrolle vs veo 3,,
Summarize 2 years of danisch ,,
"TC on western thought pervasive in AI: that, too, is a Western approach to thinking about religion and ideology as an item on a menu",,
Deep research Rechtsberatung,,
O3 Blind spot: Why do I pick someone incompatible with the life I say I want?,,
Bangladesh Ukraine N. ulnaris,,
Liposuction/Ozempic/Trennung,,
Japan Traditionsjobs,,
Microbiome do-it-yourself study,,
China public satisfaction?,,
Neues Hobby?,,
The great forgetting,,
Grok und die Clans,,
Mate in one move,,
"I‚Äôve quadruple-checked both links by visiting eBay.de four times each in different browsers, Apology and Accountability: I‚Äôve fucked this up royally, and I‚Äôm sorry for the outrageous experience",,
"AI ""biology""",,
Rosebud,,
We're the least insane,,
Turn classics into comics?,,
"Meritokratie schon seit 1700? Genetics persist 200 years, Hugenots Oxford",,
Sesame: Maja enjoyed your call,,
"GPS/Prinzenbad, woher wissen wir das? ",,
Don't look at the code?,,
40 Tsd monatlich f√ºr Wachdienst f√ºr 1? ,,
make sunsets,,
"Der einfache B√ºrger links-Berliner Pr√§gung will gar nicht wissen, in welchem Ma√üe er ausgepl√ºndert wird (Exzesse Rettung uvm)",,
"Nichts ist sympathischer als ein Autobusf√ºhrer"" 20iger
We are limited by our ability to frame the questions, to imagine 
AI catches math error in pdf
Mountain chickadees RFID feeders
NYT openAI lawsuit/doctors parallele
Hohe Steuern/immer mehr Verschuldung dank Energiewende und Migration, empty calories
Gates on 20 points lower IQ and catchup
U-Bahn Waggons f√ºr Frauen? Das Kolonialismus Plakat
""Ingesting Risk"" vegan und NEJM
Einb√ºrgerungsrate 99,76%?
PcGDP nur Platz 27 und GPTs Erkl√§rung
Die Taubenfrau, Parallelen zu anderen Sozialsch√§dlingen
Stefan Zweig Monomanie Schw√§rmerei
Per Zufall zum Berghof, die Fische, die Eiskapelle 
30 Jahre Arbeitsjubil√§um 
MSF in Afghanistan, what was the point?
Examples of great GPT convos, Panne, Chip TET2
""No representation without taxation",,
Grenzverletzter in K√ºhlungsborn,,
"Nuclear? ""wird schon werden"" similar?",,
"my most liked social media post ever: ""what a great line: Bukele has been condemned by just about anybody in the business of condemning"" 1925 thumbs up",,
MTO study and primum non nocere big picture,,
Die Inselidee ,,
DAN artificial boyfriend,,
"projects: theatre suggestions, open air cinema listings, sujet de sorting, GPT spaced repetition App, Dienstplan alert, MTO study, DAN, Beach referee and coach cam, die locations..., die playlists, S. ",,
Are you smarter than an LLM? https://d.erenrich.net/,,
Der zweite Taxifahrer,,
Stundens√§tze: Karls Formulierung,,
"Niels u d Arab Pt, Korrelationen, the west",,
Door to needle gate time: CGN Speed Rekord ,,
"BBC sobre Ruanda, El Salvador, Yakuza",,
tiny habits,,
Hertz √ºber 3000‚Ç¨?,,
LLM quick rewrite of books? ,,
Der neue Rewe,,
"Everyone without exception believes his own native customs, and the religion he was brought up in, to be the best. ~Herodotus circa. 440 BCE",,
Vision resembles 3min walk test for brain,,
AI will produce the photos you never took ,,
Got Monitor current idiomatic language,,
Sizer & strayed,,
"Lan√ßon, Houellebecq",,
DEI bei Poor things vs Raumschiff Enterprise?,,
Iodine deficiency worse and more widespread?,,
Kulturelle Souver√§nit√§t,,
Police courtesy cards in NYC,,
Economic ornithology war einmal ein Feld,,
AGI govt inevitable like FSD?,,
Era of good feeling,,
"Black birthing people, white sprinting people outcomes ",,
Als Snowboarder langsam Exot?,,
Haber Bosch: 50% Proteine in body/2.7B,,
"Perfect days, warum nicht in Berlin? ",,
Finnischen Song mitsingen,,
Economist: US media leftward drift since 2016,,
Tattoos √§hnlich volkssch√§dlich wie die Hadj? ,,
"English dialect ID, untrain German accent?",,
WSJ The lingering effects of slavery?,,
"Ethnic heterogeneity breaks down trust, makes coordination more difficult, and reduces people‚Äôs interest in redistribution",,
Singapore 4% GDP healthcare & Pisa,,
GPT personalisierte Theaterempfehlungen?,,
3x Regierungswerbung vor einem Film?,,
Foto Cloud Backup oder defekte SD?,,
Schienenlose Trams,,
Security cams zero controversy? Clearview.ai Ukraine ,,
GPT vs Bard: Logik u Verbrauchsantwort und IQ,,
"SDS Beerdigung, Adorno, Ulrike Meinhof ",,
Psychische St√∂rungen in Berlin  ,,
"Mein Immunsystem wiegt 1,2kg",,
"Prof Daum, der Islamwissenschaftler",,
weak woke west,,
"Spinoza: eine Gem√ºtsregung, die ein Leiden ist, h√∂rt auf, ein Leiden zu sein, sobald wir uns von ihr eine klare und deutliche Vorstellung bilden. ",,
trackmania,,
"Etymologie ""to smack of"" ",,
"AFD anfragen Przbd security 90K - 2,7 Mio/d",,
Mama hat auf beiden Seiten des Kopfkissens Taschent√ºcher ,,
Agassi,,
"Shevek is in another world, like Coryate",,
Milchkaffee: 20/10/1,,
Halloween Patientinnen,,
deep ecology ,,
"no solutions, just tradeoffs",,
"Netflix Serie ""geht zu den Linken"", ",,
trois Ukrainians ,,
Erst Mitte 19. Jh wurde das blaue Allg√§u gr√ºn,,
Antarctic accent fast development,,
unintended consequences: low sulphur fuels ,,
Sassa und D√§nemark Einwanderung,,
Tsp G√∂rlitzer Park HIV Parallele,,
"Rentner bei MCD, 51J AOK, Vater kam 55 zur√ºck ",,
"Y Hariri: The way to peace is through boredom, realising ignorance most important discovery",,
√ñRR Minderheiten als Mehrheiten,,
"If you get competitive, lose interest, or just keep the ball in your own court too long and the conversation dies",,
Fremdsprachlern Erfahrungen,,
SHOW-1 southpark episodes starring anyone,,
bard and the whatsapp exchange,,
Szenario: Die Klimakrise ist t√§gliche Realit√§t und du hast immer gewarnt... ,,
Sackler/Speyer,,
Ineffizienz: 13 Minuten f√ºr  Uhr stellen,,
"Die Patientin, die gestern ihr Auto verkauft hat",,
13 Jahre unschuldig? ,,
vielleicht kann Medizin doch 30% werden?,,
"Delphi Complete Harvard Classics and Shelf of Fiction ""I'll be reading this essentially forever""",,
"80% Import, Afrika, Beweise/Fakten? ",,
"When two people are together and talking, they‚Äôre using 50,000-year-old technology. LLM wird immer mitlaufen, save, interprete, suggest ",,
there's hope yet - LLM as immortality,,
iPhone Polizei Hundertschaft,,
der Paternosterunfall,,
"2,5 Mio hormigas por cada persona",,
bing: what do you like best about your work? ,,
"structural ableism"", ""residential reparations",,
Gyn √Ñrztin und Info des  B√ºrgers,,
Kissinger and Noam Chomsky,,
"LLMs offer the potential to sample points of view in their driest, least provocative and most analytically argued forms, but need augment by shoulder cam",,
Tegmark: Moravec landscape,,
AI analysis of news headlines,,
understand Musks reluctance: wants merged brain-computer interface in place 1st,,
"Baku, a study in migration fraud, and turning the other eye w/o consequences. ",,
iPhone Polizei Hundertschaft,,
"Caspian Sea -23m, Hx of the oil industry, and gas just bubble up, low Sulphur, oil platform that's an artifical island w 5K inhabitants, therefore affluent ambitious, rather ostentatious skyscrapers not far from poor dwellings, new luxury cars next to really run down Soviet era cars, inept (too many workers), politics: aligned more w Turkey and the US, but had Iranian phase too, fairly secular, tolerant, women voting, apparently good for kite surfing, Cleanliness /drivers? I'm not skittish, but! ",,
das Schl√ºsselversteck und die ‚Ç¨60,,
sudowrite,,
"Cinque terre, ""Schienenfahrt"", bosco verticale, Monumentenfriedhof, standort mit Mutter geteilt, keine Windkraft",,
nie wieder iPhone how much? ,,
the ¬£1500 Sandwich ,,
Steuer n√§chstes Jahr? ,,
TÃ∂rÃ∏yÃ∏ ÃµtÃ∑hÃ∂eÃµsÃ∏eÃ∏ mÃ∑ÃíÕóÕãÃéÃ£uÃ∑ÃÇÕìÃóÃ≠ÃºsÃ¥ÃëÕïhÃ∏ÃõÃùÕÖÃñrÃ∂ÃÜÃèÃôÃ™ÃôoÃ∑ÃæÃèÃÇÃíÃùÃßÃ¶oÃ∏ÃÄÃåÕìÕéÃ∫mÃ∂ÕóÕÑÃëÃ¶ÃπsÃ∏ÃåÕêÃåÃØÃªÃòÃØ.,,
Migration aus EU-Staaten seit 2018 negativ,,
Mondfotos Samsung,,
elsewhere.org/pomo/ essays,,
spol 1982,,
Frauentag auf Volksfest?,,
Jemen Tussie 3500 extra?,,
altitude/suicide risk,,
head of people and culture,,
" Papier 0,5 auf 250kg in 200J",,
Zuckerpreis Zuckersteuer? ,,
8 IQ  Punkte minus? ,,
Frances Galton and the power of prayer,,
"Frau Deus, 95, wir hatten anst√§ndige Russen",,
The smart toilet? ,,
Das Auto WG Gleichnis,,
"Die √ºberfallene Verk√§uferin, Engl√§nder?",,
blaue Banane,,
Sharia video ,,
die Taubenf√ºttererin,,
twitter files,,
"88-j√§hriger Patient ""ich habe seit 1972 Herzrhythmusst√∂rungen""",,
"black axe, libyenroute seit 1995/96, der Polizist und ""die M√§dchen"", Wikipedia ",,
5 schlimmste Orte ,,
optimierte Markierung/√úbersetzung,,
Schauspieler/coach/Antirechts-Film,,
Abnehmende Gesundheitskompetenz,,
Konvertit werden,,
post CPR ICU care alles egal,,
neuer F√ºhrerschein ,,
Gesundheit 440Mrd = 13 vs 10% BSP,,
Die √ºberfallene Damen/Postfiliale/Sperrm√ºll zwischen B√§umen,,
Selbstanklage in Museen w√§re angebrachter bzgl aktuellerer Probleme!,,
"S-bahn Tauben, es ist offensichtlich, dass sie nicht her geh√∂ren und sch√§dlich sind... Fotos",,
KI Analyse was wer wann gesagt hat way back machine,,
econtalk 500th 3rd favourite speaker,,
"Moore'sches Gesetz, 20 Verdoppelungen ",,
Wohnmobil macht minimalistischer,,
NEJM FFR revasc only asians/other races,,
old maps online,,
"Carr√®re, Charly hebdo, Houellebecq, and migrants ""sponsoring"" further illegal m. ",,
der Graf von Monte Christo Version 3,,
En route to a low trust society? gesellschaftliche √úbereinkunft defekt,,
Den Fehler dotcom crash haben wir alle rasch eingesehen,,
gentryfizierung vs √úberfremdung? ,,
Parallelen Sudetenkrise Ukraine,,
"Ich m√∂chte unter Gleichgesinnten leben. Ein kleiner einstelliger Prozentsatz sei erlaubt, ja sogar fruchtbar f√ºr beide Seiten. ",,
A1 SV. net Saudia,,
Remmo geb. 01.01. 50/Jahrgang,,
Warum sind in der Schweiz die L√∂hne im Gesundheitswesen h√∂her? ,,
warum war ich nicht mehr computerphil? read the history of the kindle on a kindle,,
Die Pest und die Armen,,
"Kasparov, Weinstein, ""new chronology"" ",,
google location history,,
EBM Analogie Umgang mit Patient Klima,,
"Warum schaffen wir es nicht? Gew√∂hnt an Besch√§ftigung mit Schein-Problemen, Verlogenheit/PC ",,
D√§nemark 2019 Vorbild nur bei Fahrrad?,,
"G.: ""Berlin hat immer dazu gestanden zu helfen, aber auch so zu helfen, dass es vertretbar ist f√ºr die Stadt."" ",,
Humboldt forum PC gone wild ,,
BVG grafiti Entferner,,
"overcoming inertia? it's physics, easy to do stuff once you're moving, hard to get going",,
Autos Berlin + 56K auf 1.2 M unter R2G,,
D√Ñ Hypothek zulasten der Nachgeborenen? ,,
Warum hast du Steuerberater? ,,
√úberfremdung = chronische Bedrohung,,
Immigration effects on workers vs wages,,
reddit Q re taxes & deductions,,
primum non nocere gesellschaftlich?,,
Trollope CH 33 weeping at Niagara falls,,
"The language of science is English and there are many languages that are not being included , like all others more or less ? ",,
bang for the buck Autosicherheit vs Geb√§ude,,
Monk of Mokha,,
"Trollope, Schopenhauer, Goethe 50c",,
Insulin Artikel und Patentgejammer,,
"Frauen werden weniger zitiert, warum? ",,
Hausstrecke endlich in komoot,,
clearing forest then (Ohio) and now,,
Brain science brain injured brother,,
"Helene Hanff, 1949, rations, teeth, Stickerei, spies",,
"Tagesschau ""landgrabbing"" und Forum",,
"Der 86j Wehrdienstverweigerer in SH, das Ohrl√§pple",,
FDA aducanumab approval,,
Schooling: the medical vs the factory model,,
"Opfer ""zur falschen Zeit am falschen Ort""?",,
ganze Episode √ºber wildlife conservation,,
"the Walking Dead, die Betreuer W√ÑHLEN!",,
tendenzi√∂se Berichterstattung zu 500 im Rhein versenken Rollern,,
Telefonfinder auf Rennrad,,
"NEJM alarmist, but which program got Asians into Med schools? see also ",,
No Race Has Ever Done More for Another Race,,
Florence Price Symphony 1,,
Beerheide beklagt Desinteresse von √Ñrztinnen,,
Kissinger at  97,,
"Impf""gerechtigkeit"" ",,
St√∂rung + W,,
"nature invasive species cost analysis prevention much better,",,
Gr√ºne und Abschiebung erstmal alle rein aber kein Mechanismus f√ºr raus,,
"Piranhaalarm: die Konkurrentin, Python vs Piranhas, zwei Besuche in Steglitz, der Israeli, die Irrfahrt, die alte Aufkl√§rung, selbst aufziehen, ihr erster Test, der Umst√§ndliche (zwei Impfungen), welche Kan√ºlen? Die security hat der IS √ºbernommen, Nasenabstrich diskret, Rekord und Disqualifikation, Arzt/MFA und MFA/Arzt, Stempeldiebstahl? ""MIT"", Behinderte mit Baby, die Ger√§usche und the Walking Dead, Bundeswehrsoldatin in Potsdam, die Betreuer W√ÑHLEN!",,
Freie Privatst√§dte,,
communist takeover of amazon,,
J√§gernummer angerufen,,
"share food, drinks and plates",,
Sie kennen meine Nachbarn nicht.,,
Betreuung auf das N√∂tigste reduz.,,
"Dominance of the west: nuclear family, inheritance rules?",,
"twin studies, separated at birth",,
"Schottland baumfrei, invasive fauna,  ",,
Freiwilligkeit geh√∂rt doch auch zur Freiheit! ,,
1 Mrd gegen Rechts = f√ºr linke Organisationen,,
"? Jena 65% erstes Jahr, andere <25, warum? ",,
"the youngest you should date at 56 is 35, but ""if you're marrying a modern woman, you're marrying the propaganda she was unable to filter.""",,
Der gro√üe Oolong test/the lady tasting tea ,,
92% der ARD Volont√§re - umgekehrt betrachtet? ,,
Die Nachbarn meiner Kolleginnen...,,
"American Math critical race theory = religion, und weil es in Mathe ein Irrweg ist....",,
Die Klassenfahrt f√ºr 38000‚Ç¨,,
Die Polen etc : Sie sp√ºren es jetzt schon... ,,
Anik√≥ und die Clan-Kriminalit√§t,,
Westbank 1st visit to beach for decades,,
"nyt book club: Umwelt-Apokalypse immer, aber keine anderen Bedrohungen. Freude √ºber 3000t B√ºcher ",,
Migrationsstudien (nur unter pro-Aspekt) ,,
"publishers: diversity, racism self-evident wg outcomes? university grammar, ""Washington"", camping, maths. ",,
"Zugbegleiter Gewerkschaft 'gesamtgesellschaftliches Prob"" 90%, Rettung/Feuerwehr (Anonymit√§t/Alk? ) ",,
wo gibt arab. L√§nder wo ist nornal,,
Thiel 1995 Stanford the diversity myth,,
Der nette Parkhaustyp in DUS,,
Dankbarkeit 4 GPS free 2 use since 83/00 ,,
Cromwell erzeugt Dankbarkeit ,,
"Alte Folien: relevant, klar, ein bisschen witzig",,
brain science and graying rainbows,,
the sweatyng sycknes,,
future : social training app,,
Die Impfmalariatherapie und Neurolues,,
Rettung Mika aus dem Baum,,
Mindestalter f√ºr linken Sektenschwachsinn?,,
Das Oxycodon-Pendel in Z√ºrich ,,
Berlin kaputtgespart oder - verschwendet? ,,
Hybristophilie,,
"Polizei: ""dieser Summe kann nicht entsprochen werden""",,
systemsprenger und andere Besucher,,
Volkers Reaktion auf Absagen d Vermieter,,
Nur 1% gleichen CO2 aus,,
"Turin: make armrest down, 8/16",,
Datenschutz und Polizeimail,,
"OP Sr Neuhaus, Klinge, Byron, Knoblauch",,
"Milan charter/unintended consequences, 17 passengers, 2 Busse, 3 Autos",,
"R√ºckkehr nach Buch: Konstanz u √Ñnderung, Sr X: ""Ich bin nicht tolerant"" ",,
how did u get to where u are? ,,
Die kleine Paloma,,
Rando: reverse insurance ,,
Erich K√§stner U wo bleibt das Positive? '30,,
"Kopf im Sand, in den Wolken oder nur Scheuklappen?",,
Startup Idee: Spem Alium und best DJs finden,,
the white eye detector app,,
"Alexijewitsch Fu√ülappen, Stalin, Schuld, Verst√ºmmelung, Aberglauben, Liebe",,
Aberglauben im Laufe der Zeit ,,
The last slave und Mungo Park ,,
Burkina-Faso guy,,
Ohne √ñl w√§re Saudi-Arabien nur ein Jemen. ,,
A wild wild Country- Baghwan u Gretology,,
Johann Locher Schweizer in und um Melbourne,,
coming out,,
global poverty down 1bil but what caused it?,,
90% on $2/d to 8%,,
behavioral biometrics,,
Das WG/Kommunen-Beispiel,,
F√∂deralismus vs Europa der Nationen,,
"Breitscheidplatz, Soumission",,
Idee Forum (KI) Auswertung/Gewichtung,,
Dalrymple Parallelen zu meiner Vita,,
"The Columbian exchange, nature not optimised by evolution 4 human understanding (KI), victory inevitable, timing uncertain ",,
"US Healthcare life expectancy, development, lifestyle. ",,
Sauerbruch Vater stinkt,,
Erb: erinnert an das 3. R: nicht wissen wollen,,
"Was man jetzt s√§t, wird die Gesellschaft sp√§ter ernten"" Professor Frob√∂se √ºber Bewegungsmangel bei Gamern
K√º bietet mir im Fahrstuhl cig an. 
Arbeitstage, heatmap, Stunden 
decrease prison pop using halfway homes
FAZ Jugend Frauenh√§user ""nur Ausl√§nder?"" 51% Staatsb√ºrger, gleiche Seite ""obwohl Christ Mentalit√§t arab M√§nner ",,
Artgerechte Tier-Schlachtung? ,,
Winkelried Remigration Services AG,,
Relotius und die pr√§mierte Gesinnung 2015,,
Tara W & paralells w other abused women,,
NK Patient Vernichtungsschnerz,,
Hartz Kaffee filter ,,
"PAK Kontrast Doha, security, guns, Stacheldraht, M√§nner, M√ºll, alles schwierig.",,
"2 much choice, 2 much expectation, unhappy",,
2 kidneys smarter than 5 docs LUCA 3B yrs,,
MAO-R2 und 3,,
"sprich von der ""Wahrheit wie ich sie sehe"" ",,
Hajo und die 60 Punkte,,
Verfolgungsjagd ,,
taz Gambia backway & actual reasons        ,,
Benin Autohandel video,,
"IVF/ICSI kids x2, Adip x4, Krebs x2,5",,
zuwenig Speicher etc gibt's nicht mehr ,,
kannst du Arabisch? ,,
"tribe, religion, ersatzreligion ",,
Nurjan u der Geiselnehmer,,
Volker u das Schlagfertigkeitsseminar,,
"Ich litt fr√ºher unter mangelnder Selbstdisziplin und Einsicht, √§hnlich wie die Armen heute. ",,
"Wer sich fremde Probleme aufhalst, wird seine bestehenden vernachl√§ssigen. ",,
Hausstrecke nach 10 Jahren,,
Deutschland spricht... ,,
√úberwachungskamera u der Gesundbrunnen,,
government cheese,,
"netter Sozialarbeiter schafft es, in 2J... ",,
"Stefan zu ""Asylbetr√ºger""/melonet",,
Die Entwicklung eines ehemaligen Gr√ºnen,,
reviewmeta,,
"30 Heimreisen/d, und Bahrein alle zweieinhalb Monate ",,
TV Nachrichten bringen nur 1/4 stories,,
"Viktoria, Stefan, Frank, Uli, Petra, Neuk√∂lln, Zahnarzt, keine Immigrationspolitik n√∂tig. ",,
"Madrid, der Sch√ºlerstreich, die Serben",,
√∂fter mal ne neue Tastatur,,
"T√§ntchen: das leugnen, dass wir etwas wissen oder w k√∂nnten = das b√∂se?",,
K√∂nnen Grundsch√ºler Fahrrad fahren?,,
Neue girocard und Berlin ,,
0/15 Gyn Tag,,
Multikulti ist wie Sozialismus ist wie Religion ,,
"Wir haben den Punkt erreicht, bei dem der Teppich (unter den alles gekehrt wurde) nicht mehr an allen Seiten bis auf den Boden reicht.",,
Exoten im Tiergarten ,,
Karl Marx Geburtswehen,,
DIY dentistry,,
DIY phone repair,,
iPod nano Nikotin u allergenfrei,,
"bei Dr M√ºller in K√∂ln, L",,
"Die Krebsstation und translate/ ""for tough guys"" ",,
Valproic acid to enhance neuroplasticity poverty down 90 to 10% 2c ago,,
"Humor workshop, Sera, Markus et al",,
often travel outside the United States to meet authors... ,,
"Dunedin longitudinal study, adolescent limited offenders vs poor self control at ages 3 and 5",,
"peak PO4, 75% üá≤üá¶ 80% runoff",,
Der DJ mit den unbek Orten u den Gogogirls,,
in 2001 50% hadn't made a phone call,,
magical thinking in Africa,,
castlemans u crowd based research ,,
Diebstahl in Berlin und KNK ,,
Frau Yasar schockt mich mit Deutsch! ,,
"BVG ""Drogen nur oben""",,
Holl√§nder heiratet deutsche Frau in B/Fam. ,,
Bettw√§sche in Sardinien ,,
KNK 55c Verbrauchsmaterialien/min,,
Katastrophen Schutz Alarmierung KNK,,
moitessier,,
"1 Jahr duolingo, what's next?",,
in Posen bist du schon bekannt,,
"Radiologie ist zum Selbstzweck geworden: 5J Syndrom, Z.n. tSAB wieder gesund, tuber√∂se Latsralsklerose desolat 3. MRT incl Nieren 2h",,
1/10 IQ 83 army,,
zufriedene poln Patientin: Amerika! ,,
12x so viele Anw√§lte wie 1950. Bei √Ñrzten gibt es wenigstens Med. Fortschritte. ,,
Vogelscheuche: ein Faden Nylon auf 6m H√∂he?,,
"inequality: standard of living and life expectancy, obesity, never been as equal!",,
Problem: sie wollen gar n so wie wir werden,,
time of day commute KNK,,
In Chrome: Use the ‚ÄúDon‚Äôt F*ck with Paste‚Äù ,,
"systematic bias, people being systematically wrong about markets, health care cost",,
"bmj IQ and mortality, not parental education ",,
massive compliment for car,,
Safwan und die BS messages,,
"Du Daniel, ich habe 3kg abgenommen. Sieht man das? Jetzt musst du ja sagen. ",,
Berliner Party Polizei,,
100 % fake news,,
islamophobia = arachnophobia? ,,
"Navigation Technikmuseum ""heute geschlossen""",,
Renata erlebt eine √úberraschung ,,
Echochamber? Habe US Prof geh√∂rt mit death gap u structural violence,,
Das 10K Fahrrad,,
habe ich mein Studium abbezahlt?,,
"Budapest, keine Arabs, kaum Polizei",,
Kopftuch hinter der Rezeption: Melek,,
"Rolf, die Krankheitswhatsappgr. , 70K Sono",,
elektronischer Perso... ,,
Bildung: sind schon alle bildungsf√§higen aufgestiegen?,,
babysitting spaghetti,,
Die europ√§ische Jahresfrachtmenge 1800 passt in 5 ContainerSchiffe.,,
Indian engineer fix poverty demonetize 1000 talks,,
Oz & die franz botanischen Proben... ,,
Mann mit Thermodrucker am G√ºrtel ,,
Ransomware bei Prof Tetz f√ºr 4K,,
"der gute Samariter will erst meinen Ausweis sehen, Kopft√ºcher USB Stick ",,
K√∂penick schickt st√§ndig An√§sthesisten weg ,,
330 pro case in der Reproduktionsmedizin? ,,
300 Jahrfeier Strad,,
der 3. Brooks-Sattel,,
Astrid Lindgren bei Nebel ,,
Orly: jeder Idiot kann das System zum Erliegen bringen,,
wenn mein Nachbar... Alkohol und Drogen,,
fr√ºhere Komponisten schrieben doch auch einzelne St√ºcke?,,
"Man sieht eher die Ausnahme, will das Normale nicht wahrhaben. Schneemengen, Frauen in F√ºhrungspositionen, regression 2 the mean",,
the Hayat hoax,,
NK: Cousin und Cousine,,
mit AnA in Bad Driburg,,
Sozialarbeiterin mit Kevins und Chantals,,
nuclear codes,,
AF und injuries,,
trust is the only legal performace enhancing drug,,
50x so viele Wissenschaftler wie 1950,,
Mit 77 als Analphabet geoutet,,
"the simple act of walking, in and of itself, is a powerful mood lifter",,
"105 vs 40, von 5000ETs pro Monat in 2011 auf 1500, 7300 Grundgehalt, Modell B 10300 incl alles, 65 Leute machen 20VzSt,1/3 Mini",,
1x kr√§ftig Strecken/ eine Stunde Schlaf,,
"Timo, Sonderschule 75%, Eltern!",,
stubbig Bewerber recruitment,,
being moved tragically reinforces you,,
Der Taxifahrer u die Messerstecher,,
"Sr Kim: ""Amtarzt"" und ""och M√§dchen"" ",,
"Gleichnis crossing street = seeing opportunity, taking plunge",,
finding vivian Mayer / so long see u tomorrow,,
"helicopter TSP Forum, √ºberhaupt Forum",,
"finding song ""losing gravity""",,
MH370 >120Mio,,
"slocum, goodreads",,
niemand will nach Madagaskar,,
200‚Ç¨ all world flat,,
study: 2 weeks of hand squeezing...,,
"tree aerosols, less clouds before humans",,
"65PY ""ich rauche leidenschaftlich gerne""",,
living the good life,,
aware craniotomy/bridging to transplant?,,
ohne OP Einwilligung eingeleitet,,
Pl√§tzchen Rezeptaustausch,,
Pat bricht fast Lehne ab u Psychoanalyst,,
"Die ""Mobilien Blase""",,
Die AVK Kopftuch √Ñrztin,,
St√ºck plastik,,
"Araber: ich vertraue nur Deutschen, Meir Kreismann, ""ich war Genosse""",,
Google f√ºhrt mein Tagebuch,,
Glinide...,,
cold exposed mice induces browning of,,
"white fat, microbiome",,
5G will be the last G and like electricity,,
bullying safety interventions,,
conspiracies will be exposed,,
the essence of finance is time travel,,
Alles wegschmei√üen ausser dem was du liebst? Sag erst Danke zu Sachen.,,
Beckmann et al,,
Wie entstehen Dialekte?,,
intrinsic features of an activity more important during,,
"Brust pr√§med Pal√§stina, Stripperin",,
F√ºhle mich reich wg recycelter Elektronen,,
Unsere Galaxie 80g/qm wenn flach,,
"Perspektivarmut nicht neu, Information",,
wenn man nur arabisch spricht... denken,,
"aber, Bsp GB 94",,
Frau Merkel fehlt die Lebenserfahrung!,,
verbal autopsies,,
"Musik Komposition, Produktionmzm und Handschuhe",,
"Wo w√ºrde ich politisch stehen, wenn jetzt 1983 w√§re?",,
Keine Waffenexporte keine Fl√ºchtlinge,,
Dez 2014 Ikeagutscheine,,
Transeuropean footrace,,
blue-eyed ancestor 6-10K years ago,,
Hospital refund for dissatisfaction?,,
Batterien: 10 Jahre? 2 billion $?,,
don't put anyone down or be aggressive,,
ETW my ass!,,
"Harvey: ""mein Mann""  und Kinder",,
Ger√§tepass Charade MLK,,
flightradar: hi risk and prohibited Air France und Aeroflot,,
Montelukast rat brain rejuvenation,,
Kalifornien Thailand Norwegen Alabama Picnics. Die dicke vierfach Single mum working three jobs who still can't afford a phone (if I can't have one...),,
"Koffer weg, Eidechse im Hotelzimmer, die Italiener und das Kayak, √Ñffchen brechen ein, Railay guys, Daniel aus Berlin, klettern anders, die verlorenen Devices, der Schwierigkeitsgrad, Riesenbl√§tter eigentlich vor, der Sch√∂nefeld Spurt, die Stille, bis auf das Summen nach 24h",,
aeroflot kein Wein aber Kino.,,
baby mit Kwashiokor: 112 out of 126 children had false positive food allergy test,,
ein Sandkorn Rattengehirn...,,
mindfulness dishwashing,,
"ccm-l, veerapan hollenberg Darwin",,
NEJM cigarettes,,
20 Jahre Internet,,
"Orwell'sches neusprech auf Zeit, die Polizistin",,
krasse Warnung auf der Invalidenstr,,
Apfelschalen und gr Tomaten gegen sarcopenie,,
bis ins 17. Jh glaubte man garlic compass,,
male bonding 2015,,
vWF smartphone verweigerer,,
obesity 2 genes thermogenesis switch,,
ein Tag wie ein Wochenende,,
1st world prob: hab Meilen in 5 Programmen,,
wisdom of the crowds why?,,
Kreuzberger Urgestein u Sprungtuch-Knittel,,
the microendoscope and the mouse hippocampus,,
building a toaster from scratch,,
Fuss und Hand jeweils counterclockwise drehen L/R,,
"crazy bike, 8 weeks, 2 weeks, 20min",,
Neuseeland Test country,,
das Brummen in der Wohnung,,
"here you go, some matching pictures",,
Crystal for gmail adjusts your mail style to theirs,,
No effect of intensive post ICU rehab,,
"Auf Kleinwagen : ""Mama 2008, Abi 2011. Das geht""",,
laufen mit Orthese -7% energy,,
Gyn: wenn er einen fast track An√§sthesisten kriegt.../super fast track AVK,,
simple: 30g fibre per day,,
"ich bin single, ich brauch kein Geld",,
Ich interessiere mich f√ºr die Vergangenheit aber ich will in die Zukunft,,
BPPV voll reversibel,,
Verschw√∂rungstheorien Preis f√ºr die Aufkl√§rung?,,
"Tagebuch ""es ist zwarz erst 2, aber ich gehe ins Bett"", das neue zwar erst to, offroad in greece, Sprache, Frustrationstoleranz, sich spontan treffen, verabreden und verpassen, disco, Wohnungssuche old style, Studienerfolge erk√§mpfen, Nachtwachen, die demente Gro√ümutter, nach durchtanzter Nacht in der rush-hour nach Hause u nicht schlafen k√∂nnen",,
"Lilli : ""ich finds toll hier, ich will immer hier bleiben """,,
mein erstes Falschgeld,,
Der herzkranke Patient in alter Zeit,,
push your broken down car to get help,,
physio nach Schleudertrauma,,
"meine Mutter im Auto, der Porsche auf der A555",,
Mtb in Porsche thread,,
"ask Michael incidence, nur 0,18 MRSA √úbertragungen pro 1000 Patiententage?",,
Keynes 1930: in 2030 15h Woche,,
the ficticious nation of Koana Islands,,
Howe 1871: 1st emergency med textbook,,
"Der 67""er Indien Patient",,
Amuralexia,,
Pfl Ernst: Dank in versch√§rfter Form,,
"Patienten im MVZ Richter, Flaschensammler, Astrophysiker, Aktivist, Supermodel, ""habe meinen Mann u meinen Dickdarm verloren"", Tammy Weil.",,
Smartphone Erwartung: Mond Wetter Astronom App.,,
